,City,Latitude,Longitude,Max Temp,Humidity,Cloudiness,Wind Speed,Country,Date
0,Cape Town,-33.93,18.42,287.59,62,0,3.1,ZA,1598471286
1,Carnarvon,-24.87,113.63,290.15,77,0,6.2,AU,1598471649
2,Ushuaia,-54.8,-68.3,279.15,52,40,1.5,AR,1598471649
3,Severo-Kuril'sk,50.68,156.12,285.09,90,100,6.89,RU,1598471117
4,Hong Kong,22.29,114.16,300.93,88,40,1.0,HK,1598471649
5,Mataura,-46.19,168.86,278.31,95,100,2.0,NZ,1598470899
6,Grevená,40.08,21.43,293.15,77,0,1.0,GR,1598471649
7,Adré,13.47,22.2,297.29,82,97,3.15,TD,1598471606
8,Zabul Province,32.25,67.25,294.65,60,90,1.1,AF,1598471650
9,Rikitea,-23.12,-134.97,293.41,59,0,1.98,PF,1598471650
10,Itarema,-2.92,-39.92,300.3,70,0,7.59,BR,1598471443
11,Puerto Ayora,-0.74,-90.35,298.15,57,77,8.7,EC,1598470900
12,Nikolskoye,59.7,30.79,287.15,71,40,1.78,RU,1598471117
13,Mar del Plata,-38.0,-57.56,287.15,100,75,7.7,AR,1598471364
14,Bilma,18.69,12.92,305.59,37,98,4.71,NE,1598471398
15,Luanda,-8.84,13.23,296.15,83,20,4.6,AO,1598471326
16,Port Hedland,-20.32,118.57,291.15,82,0,2.1,AU,1598471651
17,Waddān,29.16,16.14,300.09,45,0,7.57,LY,1598471651
18,Bredasdorp,-34.53,20.04,284.1,77,4,5.01,ZA,1598471651
19,Sapa,5.15,120.32,301.3,75,88,2.94,PH,1598471652
20,Salalah,17.02,54.09,298.15,94,90,1.5,OM,1598471652
21,Kapaa,22.08,-159.32,301.15,74,40,6.7,US,1598471652
22,Ancud,-41.87,-73.82,284.26,100,90,5.7,CL,1598471652
23,Paamiut,61.99,-49.67,279.91,78,30,2.33,GL,1598471652
24,Uporovo,56.31,66.27,284.92,92,0,0.09,RU,1598471653
25,Butaritari,3.07,172.79,300.63,70,2,1.77,KI,1598471653
26,Vaini,-21.2,-175.2,291.15,100,20,1.5,TO,1598471653
27,Bluff,-46.6,168.33,280.37,72,54,4.92,NZ,1598471653
28,Hualmay,-11.1,-77.61,292.7,69,43,4.84,PE,1598471654
29,Magistral'nyy,56.17,107.45,283.07,75,0,0.82,RU,1598471654
30,Atuona,-9.8,-139.03,299.03,75,73,9.8,PF,1598471655
31,Jamestown,42.1,-79.24,296.48,68,20,5.1,US,1598470929
32,Chokurdakh,70.63,147.92,277.21,91,100,2.66,RU,1598471655
33,Mbengwi,6.02,10.0,291.62,92,100,0.41,CM,1598471656
34,Los Llanos de Aridane,28.66,-17.92,299.15,78,20,4.6,ES,1598471656
35,Tiksi,71.69,128.87,276.08,81,1,2.11,RU,1598471656
36,Qasigiannguit,68.82,-51.19,280.15,65,40,2.1,GL,1598471656
37,Saint Paul Harbor,57.79,-152.41,286.15,71,90,1.45,US,1598471657
38,Lorengau,-2.02,147.27,300.72,76,64,3.23,PG,1598471657
39,Albany,42.6,-73.97,294.82,35,66,0.45,US,1598471657
40,Torbay,47.67,-52.73,290.37,100,90,10.8,CA,1598471658
41,Avarua,-21.21,-159.78,297.15,64,100,1.0,CK,1598471449
42,Samoylovka,51.18,43.71,291.8,43,5,1.66,RU,1598471658
43,Baracoa,20.35,-74.5,304.38,59,0,3.47,CU,1598471658
44,Klyuchi,52.27,79.17,289.75,54,7,5.67,RU,1598471462
45,Miragoâne,18.44,-73.09,302.93,64,1,1.27,HT,1598471658
46,Vangaindrano,-23.35,47.6,293.96,92,47,2.93,MG,1598471659
47,Aranos,-24.13,19.12,290.36,25,0,6.27,NA,1598471659
48,Noumea,-22.28,166.46,289.15,72,75,1.5,NC,1598471659
49,Busselton,-33.65,115.33,282.59,79,25,2.0,AU,1598471659
50,Hobart,-42.88,147.33,282.59,61,75,2.6,AU,1598471651
51,Sergeevka,53.88,67.42,286.64,93,0,2.72,KZ,1598471425
52,Pemba,-12.97,40.52,297.15,83,20,3.6,MZ,1598471659
53,Punta Arenas,-53.15,-70.92,278.15,56,75,8.7,CL,1598471546
54,Lebu,-37.62,-73.65,284.45,79,75,8.28,CL,1598471659
55,Nkhotakota,-12.93,34.3,296.54,66,0,1.57,MW,1598471659
56,Tuktoyaktuk,69.45,-133.04,282.15,70,20,3.6,CA,1598471659
57,Ust-Maya,60.42,134.53,282.05,94,100,1.72,RU,1598471437
58,Yumen,40.28,97.2,287.82,33,0,5.61,CN,1598471659
59,Swellendam,-34.02,20.44,282.98,82,0,3.85,ZA,1598471660
60,Fernie,49.5,-115.07,297.15,27,40,5.1,CA,1598471660
61,Saint-Philippe,-21.36,55.77,294.15,72,41,2.6,RE,1598471660
62,Kota Tinggi,1.74,103.9,298.15,94,20,0.62,MY,1598471660
63,Chui,-33.7,-53.46,290.09,91,100,1.73,UY,1598471660
64,Bintulu,3.17,113.03,299.15,94,20,3.1,MY,1598471660
65,Mantenópolis,-18.86,-41.12,295.02,57,88,1.12,BR,1598471660
66,Xining,36.62,101.77,287.65,49,47,1.01,CN,1598471660
67,Alofi,-19.06,-169.92,295.15,88,78,1.0,NU,1598471615
68,Jijiga,9.35,42.8,291.99,80,100,4.87,ET,1598471446
69,Maniitsoq,65.42,-52.9,282.31,75,4,3.0,GL,1598471660
70,Meihekou,42.53,125.68,293.66,96,100,3.42,CN,1598471660
71,New Norfolk,-42.78,147.06,282.04,86,65,0.89,AU,1598471661
72,Dikson,73.51,80.55,280.11,100,100,3.22,RU,1598471661
73,Nha Trang,12.25,109.18,303.15,79,20,4.6,VN,1598471661
74,Fortuna,40.6,-124.16,291.48,82,20,5.7,US,1598471585
75,Baruun-Urt,46.68,113.28,288.5,69,62,7.65,MN,1598471661
76,Hithadhoo,-0.6,73.08,301.39,68,96,2.75,MV,1598471661
77,The Valley,18.22,-63.06,304.15,66,40,6.2,AI,1598471419
78,Guerrero Negro,27.98,-114.06,302.25,55,1,5.37,MX,1598471661
79,Bethel,41.37,-73.41,298.71,35,1,4.6,US,1598471661
80,Lompoc,34.64,-120.46,292.59,77,40,7.2,US,1598471434
81,Poum,-20.23,164.02,293.47,73,48,8.62,NC,1598471661
82,Tual,-5.67,132.75,299.69,83,81,10.15,ID,1598471277
83,Dunedin,-45.87,170.5,280.37,81,89,3.58,NZ,1598471412
84,Faya,18.39,42.45,294.15,94,100,2.1,SA,1598471381
85,Smithers,54.78,-127.17,288.15,67,75,1.5,CA,1598471662
86,Yellowknife,62.46,-114.35,288.15,87,75,2.6,CA,1598471223
87,Barra de Tecoanapa,16.52,-98.75,299.21,87,100,4.25,MX,1598471662
88,Jega,12.22,4.38,299.88,71,98,2.13,NG,1598471662
89,Kalāleh,37.38,55.49,294.15,64,0,3.1,IR,1598471662
90,Cartagena del Chairá,1.33,-74.84,303.85,58,86,0.23,CO,1598471626
91,Shubarkuduk,49.14,56.49,296.28,30,0,2.59,KZ,1598471662
92,Soyo,-6.13,12.37,296.26,87,0,4.31,AO,1598471662
93,Werda,-25.27,23.28,290.62,26,4,3.69,BW,1598471662
94,Foz do Iguaçu,-25.55,-54.59,304.15,32,0,4.6,BR,1598471662
95,Provideniya,64.38,-173.3,283.19,80,97,0.6,RU,1598471663
96,Antalaha,-14.9,50.28,293.64,88,8,2.44,MG,1598471663
97,San Vicente,-26.62,-54.13,297.92,47,0,2.07,AR,1598471471
98,Machinga,-15.17,35.3,295.69,41,7,1.44,MW,1598471663
99,Nantucket,41.28,-70.1,295.15,46,20,8.7,US,1598471663
100,Grand-Lahou,5.14,-5.02,296.87,90,100,3.83,CI,1598471663
101,Maragogi,-9.01,-35.22,296.65,75,0,4.3,BR,1598471445
102,Lagoa,39.05,-27.98,296.66,91,90,0.87,PT,1598471414
103,Capoterra,39.18,8.97,300.15,69,0,6.7,IT,1598471663
104,Leningradskiy,69.38,178.42,276.62,89,100,2.57,RU,1598471663
105,Makat,47.65,53.35,298.53,27,0,3.18,KZ,1598471663
106,Ragonvalia,7.58,-72.48,302.15,58,40,4.1,CO,1598471663
107,Port Moresby,-9.44,147.18,297.15,94,40,10.3,PG,1598471464
108,Hilo,19.73,-155.09,298.15,88,90,3.32,US,1598471459
109,Tuatapere,-46.13,167.68,280.37,72,99,4.92,NZ,1598471664
110,Kainantu,-6.29,145.87,287.63,96,70,0.8,PG,1598471664
111,Bengkulu,-3.8,102.27,297.04,89,5,2.57,ID,1598471664
112,Lamar,33.67,-95.58,295.15,94,90,6.7,US,1598471664
113,Hobyo,5.35,48.53,298.38,79,100,12.16,SO,1598471664
114,Barrow,71.29,-156.79,277.15,93,90,6.7,US,1598471664
115,Rome,43.21,-75.46,294.15,40,1,5.7,US,1598471525
116,Nosy Varika,-20.58,48.53,293.33,91,10,3.14,MG,1598471664
117,East London,-33.02,27.91,288.97,60,92,5.99,ZA,1598471664
118,Beidao,34.57,105.89,291.9,77,0,1.53,CN,1598471665
119,Clyde River,70.47,-68.59,286.15,54,20,3.1,CA,1598471665
120,Road Town,18.42,-64.62,304.15,66,20,3.6,VG,1598471665
121,Liverpool,53.41,-2.98,289.26,82,20,3.1,GB,1598471457
122,Taltal,-25.4,-70.48,290.87,50,0,1.96,CL,1598471368
123,Longyearbyen,78.22,15.64,278.15,87,75,5.1,SJ,1598471665
124,Souillac,-20.52,57.52,295.15,83,75,5.1,MU,1598470899
125,Solnechnyy,50.72,136.63,286.46,86,100,0.3,RU,1598471414
126,Buritis,-15.62,-46.42,302.83,14,0,2.78,BR,1598471665
127,Manavālakurichi,8.13,77.3,301.15,83,40,2.6,IN,1598471665
128,Inhambane,-23.86,35.38,296.15,83,40,4.1,MZ,1598471665
129,Monte Azul Paulista,-20.91,-48.64,301.31,18,0,2.65,BR,1598471665
130,Desna,50.93,30.76,292.59,68,27,1.0,UA,1598471665
131,Kembé,4.62,21.89,294.37,94,69,1.24,CF,1598471666
132,Simao,22.79,100.97,291.05,94,88,0.33,CN,1598471666
133,Caceres,39.52,-6.37,305.93,27,0,2.24,ES,1598471666
134,Lebrija,36.92,-6.08,305.37,37,35,0.5,ES,1598471666
135,Qaanaaq,77.48,-69.36,275.7,88,100,7.8,GL,1598471666
136,Yerköy,39.64,34.47,294.1,48,85,1.54,TR,1598471666
137,Thompson,55.74,-97.86,286.15,82,90,6.2,CA,1598471666
138,Pauini,-7.71,-66.98,311.53,20,2,0.68,BR,1598471666
139,Hermanus,-34.42,19.23,285.04,78,0,7.18,ZA,1598471666
140,Luleå,65.58,22.15,282.15,93,41,2.1,SE,1598471667
141,Lima,-12.04,-77.03,291.15,77,90,3.6,PE,1598471161
142,Tilichiki,60.47,166.1,279.34,73,100,2.6,RU,1598471667
143,Cabo San Lucas,22.89,-109.91,309.15,52,40,1.5,MX,1598471667
144,Lamu,-2.27,40.9,297.75,86,13,5.58,KE,1598471667
145,Kruisfontein,-34.0,24.73,283.71,85,46,0.89,ZA,1598471667
146,Lavrentiya,65.58,-171.0,281.95,81,97,1.25,RU,1598471667
147,Moose Factory,51.26,-80.61,285.15,71,75,5.7,CA,1598471667
148,Muros,42.78,-9.06,293.71,93,28,0.45,ES,1598471667
149,Kelvington,52.17,-103.53,293.91,45,82,3.24,CA,1598471530
150,Saint George,37.1,-113.58,312.04,23,1,2.6,US,1598471577
151,Nizhniy Tsasuchey,50.52,115.13,286.28,77,100,3.13,RU,1598471667
152,Kitahiroshima,42.98,141.57,296.48,7,0,0.89,JP,1598471667
153,Gorontalo,0.54,123.06,298.16,83,16,3.49,ID,1598471668
154,Sitka,57.05,-135.33,285.15,87,75,5.7,US,1598471668
155,Flagstaff,35.2,-111.65,304.26,21,40,0.62,US,1598471431
156,Dzhuryn,49.03,25.58,293.71,61,0,2.24,UA,1598471668
157,Te Anau,-45.42,167.72,275.97,89,83,0.56,NZ,1598471668
158,El Campo,29.2,-96.27,307.59,55,40,3.6,US,1598471459
159,Sterling,39.01,-77.43,303.71,48,40,3.6,US,1598471668
160,Ixtapa,20.7,-105.2,303.15,74,40,3.6,MX,1598471668
161,Courtenay,49.69,-124.99,293.15,59,75,3.1,CA,1598471668
162,Khatanga,71.97,102.5,285.13,63,0,2.8,RU,1598471668
163,Port Elizabeth,-33.92,25.57,287.15,67,25,4.1,ZA,1598471668
164,Richards Bay,-28.78,32.04,289.61,64,27,2.81,ZA,1598471669
165,Saskylakh,71.92,114.08,284.96,57,13,3.21,RU,1598471669
166,Upernavik,72.79,-56.15,279.55,74,100,2.9,GL,1598471669
167,Port Alfred,-33.59,26.89,287.93,64,70,7.34,ZA,1598471669
168,Port Blair,11.67,92.75,301.02,79,100,3.93,IN,1598471669
169,Itaueira,-7.6,-43.03,305.65,32,79,2.28,BR,1598471425
170,Pedasí,7.53,-80.03,299.72,77,31,8.84,PA,1598471669
171,Hervey Bay,-25.3,152.85,285.93,93,37,3.6,AU,1598471669
172,Lüderitz,-26.65,15.16,287.23,77,0,5.76,NA,1598471336
173,Saryozek,44.36,77.98,285.22,69,100,3.45,KZ,1598471669
174,Pochutla,15.74,-96.47,299.15,74,90,7.7,MX,1598471669
175,Xushan,30.18,121.25,300.37,94,82,2.0,CN,1598471669
176,Salvacion,7.98,126.13,296.3,92,100,0.84,PH,1598471669
177,Uruçuca,-14.59,-39.28,298.15,69,20,1.5,BR,1598471669
178,Zhuhai,22.28,113.57,301.48,94,40,1.5,CN,1598471670
179,Klaksvík,62.23,-6.59,282.15,76,100,3.1,FO,1598471670
180,Punta Cardon,11.66,-70.22,304.05,63,2,10.85,VE,1598471670
181,Tabuk,17.42,121.44,296.12,71,100,1.11,PH,1598471429
182,São Filipe,14.9,-24.5,298.91,86,69,3.01,CV,1598471670
183,Virden,39.5,-89.77,305.93,65,0,2.24,US,1598471670
184,Saldanha,-33.01,17.94,287.63,77,0,5.18,ZA,1598471670
185,Cherskiy,68.75,161.3,277.76,91,95,2.67,RU,1598471670
186,Vestmannaeyjar,63.44,-20.27,283.78,76,0,5.27,IS,1598471670
187,Fare,-16.7,-151.02,298.39,80,23,5.33,PF,1598471429
188,Aljezur,37.32,-8.8,293.71,80,0,3.94,PT,1598471670
189,Lins,-21.68,-49.74,301.07,24,0,3.94,BR,1598471414
190,Sisimiut,66.94,-53.67,284.18,60,19,1.93,GL,1598471407
191,Castro,-24.79,-50.01,292.14,63,0,2.55,BR,1598471670
192,Isangel,-19.55,169.27,294.15,94,90,8.68,VU,1598471259
193,Kloulklubed,7.04,134.26,300.15,83,75,3.1,PW,1598471671
194,Grenå,56.42,10.88,290.15,88,0,2.6,DK,1598471671
195,Constitución,-35.33,-72.42,285.44,80,81,4.32,CL,1598471385
196,Ianca,45.13,27.45,297.15,53,40,4.1,RO,1598471671
197,Jaen,38.0,-3.5,305.37,31,36,1.85,ES,1598471671
198,Takoradze,4.88,-1.76,297.18,87,100,3.25,GH,1598471671
199,Oranjemund,-28.55,16.43,285.77,91,0,1.75,NA,1598471671
200,Ponta Delgada,37.73,-25.67,297.15,88,75,3.6,PT,1598471414
201,Ribeira Grande,38.52,-28.7,298.15,88,20,2.6,PT,1598471671
202,Tabou,4.42,-7.35,297.66,82,65,3.41,CI,1598471671
203,St. Pete Beach,27.73,-82.74,308.71,1,40,4.31,US,1598471465
204,Narsaq,60.92,-46.05,287.15,47,20,3.6,GL,1598471671
205,Salé,34.04,-6.82,304.26,69,20,1.5,MA,1598471392
206,Nisibis,37.08,41.22,301.15,17,0,5.1,TR,1598471671
207,Coquimbo,-29.95,-71.34,289.15,63,20,5.1,CL,1598471672
208,Kulykiv,50.31,24.82,287.87,88,26,3.96,UA,1598471672
209,Acapulco de Juárez,16.86,-99.89,299.15,78,90,4.1,MX,1598471465
210,Saint-Leu,-21.15,55.28,294.15,72,16,2.6,RE,1598471420
211,Taoudenni,22.68,-3.98,314.21,11,77,2.88,ML,1598471672
212,Nador,35.17,-2.93,299.15,83,0,1.5,MA,1598471672
213,Bamiantong,44.93,130.53,292.58,92,91,1.9,CN,1598471672
214,Ponta do Sol,32.67,-17.1,303.15,33,20,6.7,PT,1598471672
215,Sioux Lookout,50.1,-91.92,292.15,82,90,1.0,CA,1598471672
216,Homer,59.64,-151.55,287.15,87,1,2.1,US,1598471609
217,Gladstone,-23.85,151.25,288.15,77,73,2.6,AU,1598471381
218,Naryan-Mar,67.67,53.09,284.82,91,100,3.67,RU,1598471672
219,Hoquiam,46.98,-123.89,292.04,82,1,2.1,US,1598471673
220,Beringovskiy,63.05,179.32,283.37,81,35,4.39,RU,1598471399
221,Sinnamary,5.38,-52.95,302.59,64,20,3.17,GF,1598471673
222,San Matías,-16.37,-58.4,313.1,19,5,3.83,BO,1598471673
223,Mahajanga,-15.72,46.32,296.86,78,32,1.01,MG,1598471673
224,Tasiilaq,65.61,-37.64,276.15,93,20,5.1,GL,1598471673
225,Nanortalik,60.14,-45.24,282.41,70,0,1.78,GL,1598471673
226,Thinadhoo,0.53,72.93,300.92,71,100,1.38,MV,1598471673
227,Mokshan,53.44,44.61,294.82,29,51,4.04,RU,1598471673
228,Yima,34.74,111.88,297.04,99,78,1.48,CN,1598471673
229,Umm Kaddadah,13.6,26.69,306.05,38,8,2.79,SD,1598471673
230,Masuda,34.67,131.85,301.15,69,20,1.5,JP,1598471673
231,Birao,10.28,22.79,296.37,90,97,1.64,CF,1598471674
232,Tarko-Sale,64.92,77.78,284.26,93,19,4.31,RU,1598471453
233,Varhaug,58.61,5.65,284.82,92,100,6.67,NO,1598471674
234,Panama City,8.99,-79.52,302.59,66,40,4.6,PA,1598471647
235,Arraial do Cabo,-22.97,-42.03,295.15,78,20,4.6,BR,1598471674
236,Wajir,1.75,40.06,299.95,59,24,9.32,KE,1598471398
237,La Seyne-sur-Mer,43.1,5.88,299.82,64,0,4.92,FR,1598471674
238,Baharly,38.44,57.43,295.99,27,0,1.82,TM,1598471409
239,Praia da Vitória,38.73,-27.07,300.15,78,40,4.9,PT,1598471674
240,Kaura Namoda,12.59,6.58,298.21,77,44,1.82,NG,1598471674
241,Iranshahr,27.2,60.68,308.15,36,75,1.96,IR,1598471674
242,Kaitangata,-46.28,169.85,280.37,79,100,3.13,NZ,1598471116
243,Binga,-17.62,27.34,294.46,37,0,0.25,ZW,1598471674
244,Ahipara,-35.17,173.17,284.33,76,1,4.49,NZ,1598471674
245,Verāval,20.9,70.37,300.48,84,56,6.92,IN,1598471674
246,Husavik,66.04,-17.34,283.15,81,71,4.1,IS,1598471674
247,Gouré,13.98,10.27,300.93,77,94,1.45,NE,1598471675
248,Westlock,54.15,-113.87,293.71,45,1,1.0,CA,1598471599
249,Berlevåg,70.86,29.09,281.15,93,75,3.1,NO,1598471675
250,Vardø,70.37,31.11,283.15,93,75,5.7,NO,1598471675
251,Poso,-1.4,120.75,298.31,69,95,3.83,ID,1598471675
252,Kavieng,-2.57,150.8,301.12,77,47,5.07,PG,1598471675
253,Lata,40.16,-8.33,295.93,86,0,1.34,PT,1598471675
254,Hasaki,35.73,140.83,298.15,100,20,0.5,JP,1598471666
255,Bustamante,26.53,-100.5,306.01,39,82,3.15,MX,1598471675
256,Kresttsy,58.25,32.52,283.64,85,29,1.86,RU,1598471675
257,Mahébourg,-20.41,57.7,295.15,83,75,5.1,MU,1598471675
258,Grand Gaube,-20.01,57.66,293.71,76,0,0.89,MU,1598471422
259,Beira,-19.84,34.84,296.15,94,20,3.6,MZ,1598471414
260,Grindavik,63.84,-22.43,282.15,70,75,2.1,IS,1598471676
261,Samarai,-10.62,150.67,298.51,86,99,8.73,PG,1598471457
262,Rochegda,62.8,43.25,285.46,97,100,2.59,RU,1598471676
263,Zagora,30.35,-5.84,310.61,10,42,0.99,MA,1598471676
264,Chalmette,29.94,-89.96,304.82,79,90,9.3,US,1598471676
265,Goundi,9.36,17.37,296.35,93,100,0.34,TD,1598471676
266,Port Augusta,-32.5,137.77,281.15,61,0,4.1,AU,1598471676
267,Kahului,20.89,-156.47,303.15,51,20,9.3,US,1598471676
268,Nageshwari,25.94,89.71,300.17,82,53,5.69,BD,1598471676
269,Chu,43.6,73.76,294.26,37,100,2.24,KZ,1598471677
270,Cidreira,-30.18,-50.21,291.23,79,0,7.88,BR,1598471677
271,Codrington,-38.27,141.97,280.63,89,47,5.32,AU,1598471677
272,Cuamba,-14.8,36.54,296.84,40,10,0.8,MZ,1598471648
273,Vanavara,60.34,102.28,282.79,67,100,2.57,RU,1598471677
274,Mama,58.31,112.9,280.38,65,0,1.27,RU,1598471677
275,Sandy Bay,-42.91,147.35,282.59,61,75,2.6,AU,1598471677
276,Opuwo,-18.06,13.84,290.21,38,83,3.32,NA,1598471677
277,Nālūt,30.33,10.85,300.32,26,0,5.4,LY,1598471677
278,Seymchan,62.88,152.43,280.32,78,99,4.11,RU,1598471677
279,Gamba,-2.65,10.0,297.06,87,100,4.11,GA,1598471677
280,Mossamedes,-15.2,12.15,289.86,84,13,5.64,AO,1598471677
281,Severnoye,56.35,78.36,285.25,98,99,2.83,RU,1598471414
282,Malinovoye Ozero,51.68,79.78,289.72,52,31,3.77,RU,1598471677
283,Burgeo,47.62,-57.62,289.57,72,9,10.09,CA,1598471678
284,Mīzan Teferī,6.98,35.58,289.88,90,100,1.07,ET,1598471678
285,Kodinsk,58.69,99.18,288.26,63,100,0.74,RU,1598471678
286,Sydney,-33.87,151.21,280.93,81,8,4.1,AU,1598471621
287,Hambantota,6.12,81.12,299.15,94,5,2.6,LK,1598471469
288,Vila Franca do Campo,37.72,-25.43,297.15,88,75,3.6,PT,1598471678
289,Mawlamyine,16.49,97.63,299.19,88,100,2.72,MM,1598471678
290,Hofn,64.25,-15.21,283.15,87,90,3.1,IS,1598471583
291,Magadan,59.57,150.8,282.15,60,86,1.59,RU,1598471117
292,Kavaratti,10.57,72.64,300.52,74,100,4.2,IN,1598471678
293,Virginia Beach,36.85,-75.98,304.26,40,20,4.6,US,1598471599
294,Shingū,33.73,135.98,297.29,83,0,2.37,JP,1598471678
295,Ostrovnoy,68.05,39.51,283.93,89,100,9.34,RU,1598471398
296,Saint-Pierre,-21.34,55.48,293.15,72,20,2.6,RE,1598471678
297,Inírida,3.87,-67.92,301.48,81,98,0.36,CO,1598471678
298,Korla,41.76,86.15,297.82,26,16,7.83,CN,1598471678
299,Codajás,-3.84,-62.06,304.36,50,95,0.85,BR,1598471679
300,Yārāda,17.65,83.27,301.15,88,90,1.0,IN,1598471296
301,Montepuez,-13.13,39.0,294.33,73,0,3.61,MZ,1598471679
302,Mikhaylovka,50.06,43.24,292.8,35,92,0.68,RU,1598471679
303,Sabang,5.89,95.32,301.18,75,3,3.74,ID,1598471467
304,Maroantsetra,-15.43,49.73,294.14,83,59,0.56,MG,1598471679
305,Rāwah,34.48,41.91,303.66,14,0,3.31,IQ,1598471679
306,Buala,-8.14,159.59,300.1,80,50,3.64,SB,1598471679
307,University Place,47.24,-122.55,295.37,52,1,2.6,US,1598471400
308,Salym,60.06,71.48,283.42,93,16,1.72,RU,1598471679
309,Camias,15.17,120.97,300.93,82,100,0.89,PH,1598471679
310,Zhigansk,66.77,123.37,277.19,72,0,0.97,RU,1598471437
311,São Félix do Xingu,-6.64,-51.99,305.63,38,94,0.6,BR,1598471679
312,La Rioja,42.25,-2.5,300.15,54,53,2.1,ES,1598471679
313,Ormara,25.21,64.64,301.65,84,100,10.02,PK,1598471679
314,Douglas,41.3,-96.17,308.15,34,1,8.2,US,1598471680
315,Port Macquarie,-31.43,152.92,278.71,97,0,2.33,AU,1598471680
316,Segezha,63.74,34.32,282.44,91,0,3.42,RU,1598471680
317,Suntar,62.14,117.63,277.28,70,0,0.9,RU,1598471680
318,Touros,-5.2,-35.46,300.15,69,20,7.7,BR,1598471680
319,Cockburn Town,21.46,-71.14,303.15,74,40,4.6,TC,1598471392
320,Roald,62.58,6.13,285.93,81,20,3.6,NO,1598471680
321,Wuda,39.5,106.71,296.35,36,0,6.97,CN,1598471680
322,Herzberg,51.69,13.22,293.15,59,75,11.3,DE,1598471680
323,Magole,-6.37,37.37,295.32,77,13,2.47,TZ,1598471400
324,Ferme-Neuve,46.7,-75.45,289.48,43,0,5.14,CA,1598471680
325,Micheweni,-4.97,39.83,297.44,84,5,4.54,TZ,1598471680
326,Vila Velha,-20.33,-40.29,297.59,60,40,8.2,BR,1598471680
327,Bud,39.45,-86.18,305.37,65,0,2.67,US,1598471681
328,Senno,59.53,33.92,283.19,78,100,1.46,RU,1598471681
329,Yar-Sale,66.83,70.83,285.79,87,86,2.43,RU,1598471681
330,Ambo,-10.13,-76.2,299.15,34,20,9.3,PE,1598471681
331,Henties Bay,-22.12,14.28,287.04,88,0,2.36,NA,1598471681
332,Dalbandin,28.89,64.41,302.81,35,33,0.41,PK,1598471681
333,Cururupu,-1.83,-44.87,301.12,71,38,3.01,BR,1598471391
334,Asău,46.43,26.4,292.04,71,88,2.64,RO,1598471681
335,Port Lincoln,-34.73,135.87,284.61,78,0,3.48,AU,1598471400
336,Pacific Grove,36.62,-121.92,290.15,77,90,3.1,US,1598471457
337,Moultrie,31.18,-83.79,306.15,55,1,1.5,US,1598471681
338,Qaqortoq,60.72,-46.03,287.15,47,20,3.6,GL,1598471681
339,Aransas Pass,27.91,-97.15,307.59,70,40,4.1,US,1598471682
340,Labuan,5.28,115.24,297.15,100,20,2.31,MY,1598471450
341,Santa Cruz de la Sierra,-17.8,-63.17,305.15,40,0,12.3,BO,1598471421
342,George Town,5.41,100.34,300.15,88,20,1.5,MY,1598470887
343,Santa Rosa,14.31,121.11,301.15,83,100,1.5,PH,1598471616
344,Niquelândia,-14.47,-48.46,307.2,10,1,3.25,BR,1598471407
345,Zheleznodorozhnyy,55.75,38.0,287.15,93,50,1.0,RU,1598471682
346,Khani,41.96,42.96,293.15,94,40,1.5,GE,1598471682
347,Villazón,-22.09,-65.59,292.22,22,0,11.58,BO,1598471682
348,Tura,25.52,90.22,297.17,89,75,2.05,IN,1598471682
349,Camacha,33.08,-16.33,297.15,83,20,5.7,PT,1598471440
350,Egvekinot,66.32,-179.17,280.76,79,95,2.89,RU,1598471410
351,Havelock,34.88,-76.9,304.26,55,40,2.6,US,1598471616
352,Örnsköldsvik,63.29,18.72,280.15,87,0,2.1,SE,1598471682
353,Nokaneng,-19.67,22.27,295.49,21,0,2.92,BW,1598471683
354,Santa Maria da Vitória,-13.39,-44.19,303.7,14,0,2.91,BR,1598471683
355,San Quintín,30.48,-115.95,299.82,61,0,5.84,MX,1598471610
356,Ugoofaaru,5.67,73.0,301.3,71,100,5.08,MV,1598471683
357,Todos Santos,23.45,-110.22,300.37,77,11,2.68,MX,1598471393
358,Dombarovskiy,50.76,59.54,292.09,74,0,2.1,RU,1598471683
359,Katsuura,35.13,140.3,301.15,94,40,3.1,JP,1598471683
360,Wilmington Island,32.0,-80.97,308.15,66,75,3.1,US,1598471683
361,Akureyri,65.68,-18.09,283.15,81,89,4.1,IS,1598471683
362,College,64.86,-147.8,286.48,87,90,0.54,US,1598471683
363,Kalianget,-7.05,113.93,298.68,73,55,3.59,ID,1598471683
364,Fort Frances,48.6,-93.4,298.71,73,75,2.6,CA,1598471684
365,Matara,5.95,80.54,298.68,86,32,3.12,LK,1598471684
366,Dingle,11.0,122.67,296.83,86,75,0.85,PH,1598471684
367,Moroni,-11.7,43.26,297.1,78,2,1.23,KM,1598471684
368,Coyhaique,-45.58,-72.07,283.15,66,75,1.0,CL,1598471366
369,Colares,38.8,-9.45,299.26,73,20,8.7,PT,1598471684
370,Tevriz,57.51,72.4,284.91,96,99,2.37,RU,1598471559
371,Abonnema,4.71,6.79,301.15,74,20,3.78,NG,1598471684
372,Eenhana,-17.47,16.33,297.15,27,0,0.5,NA,1598471684
373,Balakhninskiy,58.01,114.28,279.23,68,0,1.8,RU,1598471684
374,Itarantim,-15.66,-40.07,296.88,55,4,3.17,BR,1598471684
375,Saint-Augustin,51.23,-58.65,290.52,63,21,11.63,CA,1598471684
376,Broome,42.25,-75.83,295.37,49,20,6.2,US,1598471684
377,Vagay,57.94,69.02,283.58,97,100,2.36,RU,1598471684
378,Lethem,3.38,-59.8,305.02,55,69,1.3,GY,1598471685
379,Ilulissat,69.22,-51.1,280.15,64,40,2.1,GL,1598471438
380,Anzoátegui,4.63,-75.1,301.15,69,40,3.1,CO,1598471685
381,Igrim,63.19,64.42,284.06,97,45,0.62,RU,1598471685
382,Okhotsk,59.38,143.3,282.13,81,100,4.65,RU,1598471444
383,Mujiayingzi,42.12,118.78,291.89,73,100,2.24,CN,1598471685
384,Hailar,49.2,119.7,285.54,82,0,4.34,CN,1598471685
385,Heihe,50.24,127.49,285.15,100,40,1.98,CN,1598471685
386,Vostok,46.49,135.88,286.6,90,57,1.42,RU,1598471685
387,Yerbogachën,61.28,108.01,279.3,68,60,2.62,RU,1598471685
388,Jacupiranga,-24.69,-48.0,293.18,71,0,1.94,BR,1598471685
389,Esperance,-33.87,121.9,280.15,100,0,3.6,AU,1598471685
390,Bathsheba,13.22,-59.52,301.15,83,75,6.2,BB,1598471685
391,Mayo,38.89,-76.51,303.15,48,1,2.1,US,1598471466
392,Meulaboh,4.14,96.13,297.81,87,9,2.31,ID,1598471344
393,Bako,5.78,36.57,292.02,77,11,1.48,ET,1598471685
394,Agadez,19.75,10.25,305.71,35,94,7.15,NE,1598471686
395,Shalakusha,62.22,40.25,284.59,97,100,2.25,RU,1598471686
396,Caravelas,-17.71,-39.25,295.52,73,0,5.47,BR,1598471442
397,Green River,41.53,-109.47,301.15,26,1,4.62,US,1598471561
398,Okha,53.57,142.95,283.35,91,59,1.97,RU,1598471454
399,Igarka,67.47,86.58,285.59,83,82,2.73,RU,1598471686
400,Galveston,29.37,-94.97,303.71,88,40,4.6,US,1598471686
401,Dongsheng,39.82,109.98,291.58,57,0,3.63,CN,1598471686
402,Kropotkin,45.44,40.58,293.8,37,69,2.9,RU,1598471466
403,Talnakh,69.49,88.4,286.15,87,99,3.0,RU,1598471445
404,Merauke,-8.47,140.33,298.39,82,99,8.14,ID,1598471686
405,Media Luna,20.14,-77.44,303.3,64,7,1.67,CU,1598471686
406,Rio Grande,-32.03,-52.1,298.15,65,99,5.1,BR,1598471170
407,Pisco,-13.7,-76.22,292.15,72,20,4.1,PE,1598471180
408,Cotonou,6.37,2.42,298.15,88,40,5.1,BJ,1598471686
409,Tahoua,14.89,5.27,302.15,70,20,3.1,NE,1598471687
410,Sola,-13.88,167.55,300.03,78,38,9.59,VU,1598471687
411,Baker City,44.77,-117.83,297.04,38,1,1.72,US,1598471687
412,Picayune,30.53,-89.68,303.71,84,100,5.53,US,1598471687
413,Pangody,65.85,74.49,285.23,80,84,2.24,RU,1598471687
414,Porto-Novo,6.5,2.6,298.15,88,40,5.1,BJ,1598471687
415,Kirakira,-10.45,161.92,300.16,82,100,5.85,SB,1598471467
416,Vestmanna,62.16,-7.17,282.15,76,75,3.1,FO,1598471687
417,Zhanakorgan,43.91,67.25,292.06,63,3,3.84,KZ,1598471687
418,Sibolga,1.74,98.78,297.58,84,85,1.78,ID,1598471404
419,Río Cuarto,-33.13,-64.35,291.15,42,20,7.7,AR,1598471687
420,Fort Nelson,58.81,-122.7,292.15,39,75,5.1,CA,1598471687
421,Saint Anthony,45.02,-93.22,306.48,46,1,8.7,US,1598471687
422,Birin,26.89,88.07,291.24,100,61,1.45,NP,1598471687
423,Ketchikan,55.34,-131.65,286.15,93,1,2.1,US,1598471688
424,Westport,41.14,-73.36,299.82,29,1,6.2,US,1598471688
425,Galle,6.04,80.22,299.98,80,72,3.07,LK,1598471688
426,Bad Goisern am Hallstättersee,47.64,13.62,295.15,35,22,2.1,AT,1598471688
427,Ballina,-28.87,153.57,283.15,93,90,1.5,AU,1598471688
428,Chara,56.91,118.26,277.69,71,0,0.18,RU,1598471688
429,Biak,-0.91,122.88,297.48,82,100,4.21,ID,1598471688
430,Alexandria,31.22,29.96,299.08,74,0,4.36,EG,1598471433
431,Natal,-5.79,-35.21,301.15,61,20,10.3,BR,1598471688
432,Karpathos,35.51,27.21,298.15,73,0,10.8,GR,1598471645
433,Shima,24.45,117.81,300.15,94,75,3.0,CN,1598471688
434,Kuytun,54.34,101.5,286.66,94,100,4.34,RU,1598471688
435,Ipixuna,-1.76,-48.8,304.15,62,31,4.6,BR,1598471688
436,Juneau,58.3,-134.42,286.15,87,90,4.6,US,1598471490
437,Praia,14.92,-23.51,301.15,78,75,5.1,CV,1598471688
438,Bandarbeyla,9.49,50.81,298.06,79,100,14.66,SO,1598471689
439,Stornoway,58.21,-6.39,285.15,71,0,3.6,GB,1598471689
440,Abnūb,27.27,31.15,303.08,19,0,3.36,EG,1598471689
441,Kemijärvi,66.71,27.43,281.35,91,99,1.76,FI,1598471689
442,Nioro,13.35,-15.75,297.69,92,100,4.23,GM,1598471689
443,Eyl,7.98,49.82,298.44,76,100,10.61,SO,1598471689
444,Maturin,9.75,-63.18,303.26,73,66,2.57,VE,1598471689
445,Namanyere,-7.52,31.05,292.42,54,21,1.87,TZ,1598471689
446,Aras,42.56,-2.36,300.15,54,9,2.1,ES,1598471397
447,Harrison,30.41,-89.04,305.15,70,20,10.3,US,1598471689
448,São João da Barra,-21.64,-41.05,297.15,60,75,8.2,BR,1598471689
449,Inuvik,68.35,-133.72,285.15,58,40,2.6,CA,1598471602
450,Netanya,32.33,34.86,300.37,74,40,2.1,IL,1598471677
451,Jieshi,22.81,115.83,301.9,80,98,3.32,CN,1598471690
452,Bānki,20.38,85.53,297.13,94,100,4.05,IN,1598471690
453,Guarujá,-23.99,-46.26,295.37,56,0,4.6,BR,1598471690
454,Mitsamiouli,-11.38,43.28,297.97,78,0,3.28,KM,1598471690
455,Kazanskaya,45.41,40.44,293.38,38,79,2.82,RU,1598471690
456,Walvis Bay,-22.96,14.51,287.15,76,0,2.6,NA,1598471690
457,Devonport,-41.17,146.35,283.71,85,77,3.24,AU,1598471690
458,Nouadhibou,20.93,-17.03,300.15,74,20,1.5,MR,1598471291
459,Hondomachi-hondo,32.45,130.2,300.71,80,97,6.98,JP,1598471419
460,Ewo,-0.87,14.82,298.19,78,99,1.46,CG,1598471690
461,Neuquén,-38.95,-68.06,289.15,44,67,1.5,AR,1598471690
462,Ciudad Bolivar,8.12,-63.55,305.89,50,57,2.3,VE,1598471690
463,Comodoro Rivadavia,-45.87,-67.5,285.15,62,50,3.1,AR,1598471690
464,Deputatsky,69.3,139.9,272.26,97,96,0.9,RU,1598471690
465,Yangi Marg`ilon,40.43,71.72,290.15,88,90,2.1,UZ,1598471691
466,Talā,30.68,30.94,294.22,85,0,1.18,EG,1598471691
467,Camacupa,-12.02,17.48,293.5,27,0,1.08,AO,1598471691
468,Starkville,33.45,-88.82,305.15,75,20,3.6,US,1598471414
469,Kieta,-6.22,155.63,299.11,78,1,2.8,PG,1598471691
470,Avera,33.19,-82.53,305.15,70,75,1.5,US,1598471691
471,Moerai,-22.43,-151.33,295.07,62,18,1.32,PF,1598471691
472,Kimamba,-6.78,37.13,296.28,73,48,3.53,TZ,1598471691
473,Nhulunbuy,-12.23,136.77,295.15,78,39,2.6,AU,1598471691
474,Berekum,7.45,-2.58,295.42,87,25,1.44,GH,1598471691
475,Kiryat Gat,31.61,34.76,300.37,70,0,1.32,IL,1598471691
476,Les Cayes,18.2,-73.75,302.69,69,0,3.73,HT,1598471441
477,Ossora,59.24,163.07,282.81,84,100,6.4,RU,1598471691
478,Shimoda,34.67,138.95,297.04,96,3,0.89,JP,1598471691
479,Tecpan,14.76,-90.99,292.04,44,76,0.45,GT,1598471691
480,Butembo,0.15,29.28,287.71,99,70,0.92,CD,1598471691
481,Ola,59.58,151.28,282.3,59,82,1.37,RU,1598471691
482,Puerto Escondido,15.85,-97.07,296.15,60,90,2.6,MX,1598471298
483,Inongo,-1.95,18.27,296.33,81,100,2.84,CD,1598471691
484,Gondanglegi,-7.75,112.01,295.31,78,100,4.76,ID,1598471691
485,Makakilo City,21.35,-158.09,302.15,58,20,3.6,US,1598471477
486,Menongue,-14.66,17.69,291.0,43,0,1.58,AO,1598471692
487,Laas,46.62,10.7,290.15,45,5,1.5,IT,1598471692
488,Tynda,55.17,124.72,276.42,92,11,1.55,RU,1598471692
489,Trofors,65.53,13.41,283.15,76,75,1.0,NO,1598471692
490,Bilibino,68.05,166.44,278.1,89,100,0.3,RU,1598471692
491,Sena Madureira,-9.07,-68.66,310.01,19,5,1.23,BR,1598471692
492,Khandyga,62.67,135.6,276.16,79,0,0.49,RU,1598471449
493,Carutapera,-1.2,-46.02,300.5,76,2,4.38,BR,1598471692
494,Villagrán,20.52,-100.98,298.15,61,69,4.69,MX,1598471692
495,Ludvika,60.15,15.19,283.15,81,1,2.1,SE,1598471692
496,Payo,-3.75,103.64,293.83,87,0,0.93,ID,1598471415
497,Griffith,41.53,-87.42,306.48,49,40,5.7,US,1598471568
498,Sohag,26.56,31.69,302.76,20,0,2.73,EG,1598471692
499,Flinders,-34.58,150.86,279.82,83,26,1.34,AU,1598471417
500,Brownsburg,39.84,-86.4,306.48,55,20,3.6,US,1598471692
501,Weiser,44.25,-116.97,303.15,39,20,1.5,US,1598471477
502,Ambon City,-3.7,128.18,299.82,14,100,0.89,ID,1598471441
503,Nome,64.5,-165.41,286.48,76,75,2.6,US,1598471455
504,Upata,8.01,-62.4,305.93,61,92,4.47,VE,1598471450
505,Pajapan,18.25,-94.7,305.15,62,75,3.19,MX,1598471693
506,Sosnovo-Ozerskoye,52.52,111.54,283.45,90,100,4.79,RU,1598471425
507,Pleasanton,37.66,-121.87,297.59,50,1,4.1,US,1598471504
508,Dalhousie,32.53,75.98,290.39,100,50,1.11,IN,1598471693
509,Vanimo,-2.67,141.3,298.11,86,70,2.55,PG,1598471693
510,Mehamn,71.04,27.85,281.15,93,75,3.1,NO,1598471693
511,Bozoum,6.32,16.38,294.19,93,100,0.42,CF,1598471693
512,Faanui,-16.48,-151.75,298.02,84,6,6.73,PF,1598471116
513,Primorsko-Akhtarsk,46.05,38.17,294.63,71,65,3.72,RU,1598471693
514,Pingliang,35.54,106.69,290.31,78,0,0.96,CN,1598471693
515,Prome,18.82,95.22,297.01,96,100,2.58,MM,1598471694
516,Champerico,14.3,-91.92,304.15,70,40,6.2,GT,1598471413
517,Ulaangom,49.98,92.07,283.89,52,0,2.04,MN,1598471694
518,Ust-Tsilma,65.44,52.15,285.86,64,100,3.59,RU,1598471694
519,Byumba,-1.58,30.07,297.15,53,40,4.1,RW,1598471694
520,Āwash,8.98,40.17,298.71,62,100,4.13,ET,1598471694
521,Arrondissement de Mont-de-Marsan,44.0,-0.67,297.15,69,20,3.1,FR,1598471694
522,Laguna,38.42,-121.42,303.15,42,1,4.1,US,1598471475
523,San Jerónimo,-11.95,-75.28,293.38,25,13,4.48,PE,1598471694
524,Kumul,42.8,93.45,293.42,24,0,5.14,CN,1598471694
525,Arman',59.7,150.17,281.82,57,65,1.59,RU,1598471694
526,Vytegra,61.01,36.45,284.19,85,54,3.29,RU,1598471694
527,Jinchang,38.5,102.17,294.14,24,37,9.91,CN,1598471694
528,Hanmer Springs,-42.52,172.82,277.34,79,100,0.76,NZ,1598471694
529,Halifax,44.65,-63.57,293.71,41,0,2.24,CA,1598471375
530,Mutoko,-17.4,32.23,290.58,55,0,2.41,ZW,1598471694
531,Port Hardy,50.7,-127.42,287.15,87,75,2.1,CA,1598471460
532,Portland,45.52,-122.68,297.04,56,20,3.6,US,1598471277
533,Vao,-22.67,167.48,292.72,63,83,7.93,NC,1598471695
534,Cayenne,4.93,-52.33,305.15,62,75,4.1,GF,1598471401
535,Waverly,42.74,-84.62,303.71,58,1,5.1,US,1598471695
536,Sainte-Maxime,43.3,6.63,303.15,42,38,7.7,FR,1598471695
537,Lakes Entrance,-37.88,147.98,277.04,89,0,4.15,AU,1598471695
538,Airai,-8.93,125.41,287.56,84,25,2.3,TL,1598471695
539,Wilmington,34.23,-77.94,306.48,43,1,2.6,US,1598471526
540,Texarkana,33.43,-94.05,301.15,74,75,6.7,US,1598471695
541,Lichtenburg,-26.15,26.16,291.9,26,100,3.78,ZA,1598471695
542,Mormugao,15.4,73.8,299.1,78,100,1.5,IN,1598471695
543,Garachiné,8.06,-78.36,300.33,68,24,5.32,PA,1598471696
544,Mackay,-21.15,149.2,290.15,77,23,4.6,AU,1598471696
545,La Santisima Trinidad,-14.83,-64.9,306.15,49,20,5.1,BO,1598471470
546,Eureka,40.8,-124.16,292.59,29,28,1.79,US,1598471571
547,Gardiner,44.23,-69.78,294.26,34,1,4.6,US,1598471696
548,Porto Walter,-8.27,-72.74,307.98,27,85,1.88,BR,1598471696
549,Bhachāu,23.28,70.35,300.52,80,89,6.87,IN,1598471696
550,Kargil,34.57,76.1,287.71,55,41,2.46,IN,1598471696
551,Wairoa,-39.03,177.37,279.82,80,0,2.24,NZ,1598471696
552,Aykhal,66.0,111.5,283.15,57,40,2.0,RU,1598471468
553,Merke,42.87,73.18,288.63,72,100,1.79,KZ,1598471696
554,Teahupoo,-17.83,-149.27,301.15,69,40,3.6,PF,1598471696
555,Qeshm,26.96,56.27,305.15,70,99,2.1,IR,1598471696
556,Pevek,69.7,170.31,275.16,95,100,3.35,RU,1598471697
557,Doha,25.29,51.53,307.15,70,5,3.1,QA,1598471528
558,Dalvik,65.97,-18.53,283.15,81,100,4.1,IS,1598471419
559,Huntsville,34.73,-86.59,302.15,83,40,1.5,US,1598471262
560,Zaliznychne,45.75,28.61,295.31,34,99,1.47,UA,1598471697
561,Genhe,50.78,121.52,280.61,86,0,1.73,CN,1598471697
562,Venado Tuerto,-33.75,-61.97,287.04,82,93,4.92,AR,1598471697
563,Port Keats,-14.25,129.55,293.06,41,0,3.88,AU,1598471615
564,Kadyy,57.79,43.19,287.59,96,100,1.17,RU,1598471697
565,Namatanai,-3.67,152.43,299.36,83,27,3.86,PG,1598471410
566,Orange Cove,36.62,-119.31,305.37,48,1,2.1,US,1598471697
567,West Bay,19.37,-81.42,305.15,70,40,6.7,KY,1598471697
568,Potsdam,52.4,13.07,289.82,80,100,1.34,DE,1598471472
569,Tynset,62.28,10.78,280.15,93,86,1.5,NO,1598471697
570,Monrovia,6.3,-10.8,299.15,83,75,3.1,LR,1598471548
571,Tutóia,-2.76,-42.27,300.63,74,3,4.06,BR,1598471698
572,Antofagasta,-23.65,-70.4,289.15,72,40,7.7,CL,1598471651
573,Greytown,-29.06,30.59,281.87,84,83,1.12,ZA,1598471698
574,Saint-François,46.42,3.91,293.15,56,99,2.1,FR,1598471698
575,Bahir Dar,11.59,37.39,289.01,93,79,2.29,ET,1598471698
576,Serenje,-13.23,30.24,293.39,40,40,3.21,ZM,1598471698
577,Japoatã,-10.35,-36.8,295.52,75,0,3.21,BR,1598471698
578,Palmer,42.16,-72.33,297.59,29,1,7.7,US,1598471362
579,Launceston,-41.45,147.17,280.93,100,90,5.1,AU,1598471389
580,Anadyr,64.75,177.48,282.15,100,40,1.09,RU,1598471698
581,Christchurch,-43.53,172.63,280.93,93,3,3.6,NZ,1598471698
582,Kununurra,-15.77,128.73,292.15,29,49,3.1,AU,1598471698
583,Morant Bay,17.88,-76.41,301.48,78,75,14.4,JM,1598471698
584,Whithorn,18.26,-78.04,304.26,83,75,4.6,JM,1598471698
585,Carquefou,47.3,-1.49,290.37,77,60,1.5,FR,1598471699
586,Hilton Head,32.22,-80.75,307.04,70,40,3.1,US,1598471699
